2019-01,Canada,Total retail sales,52907965.00,Retail e-commerce sales,1654977.00,3.128030
2019-02,Canada,Total retail sales,52997482.00,Retail e-commerce sales,1682044.00,3.173819
2019-03,Canada,Total retail sales,53627744.00,Retail e-commerce sales,1718040.00,3.203640
2019-04,Canada,Total retail sales,53786070.00,Retail e-commerce sales,1726614.00,3.210151
2019-05,Canada,Total retail sales,54093066.00,Retail e-commerce sales,1815197.00,3.355693
2019-06,Canada,Total retail sales,53802084.00,Retail e-commerce sales,1977594.00,3.675683
2019-07,Canada,Total retail sales,54381960.00,Retail e-commerce sales,2013074.00,3.701731
2019-08,Canada,Total retail sales,54350184.00,Retail e-commerce sales,1971331.00,3.627092
2019-09,Canada,Total retail sales,54363245.00,Retail e-commerce sales,1987014.00,3.655069
2019-10,Canada,Total retail sales,53625470.00,Retail e-commerce sales,1945389.00,3.627733
2019-11,Canada,Total retail sales,54040294.00,Retail e-commerce sales,1937081.00,3.584512
2019-12,Canada,Total retail sales,55349866.00,Retail e-commerce sales,2057275.00,3.716856
2020-01,Canada,Total retail sales,54694567.00,Retail e-commerce sales,2009310.00,3.673692
2020-02,Canada,Total retail sales,54879879.00,Retail e-commerce sales,2180212.00,3.972698
2020-03,Canada,Total retail sales,48808933.00,Retail e-commerce sales,2632279.00,5.393027
2020-04,Canada,Total retail sales,37562059.00,Retail e-commerce sales,4020251.00,10.702957
2020-05,Canada,Total retail sales,45898194.00,Retail e-commerce sales,4074010.00,8.876188
2020-06,Canada,Total retail sales,55877453.00,Retail e-commerce sales,3573099.00,6.394527
2020-07,Canada,Total retail sales,56307980.00,Retail e-commerce sales,3485623.00,6.190282
2020-08,Canada,Total retail sales,56079836.00,Retail e-commerce sales,3442861.00,6.139214
2020-09,Canada,Total retail sales,57985834.00,Retail e-commerce sales,3421654.00,5.900845
2020-10,Canada,Total retail sales,58530435.00,Retail e-commerce sales,3405942.00,5.819096
2020-11,Canada,Total retail sales,58735568.00,Retail e-commerce sales,3434353.00,5.847144
2020-12,Canada,Total retail sales,56372888.00,Retail e-commerce sales,3668498.00,6.507557
2021-01,Canada,Total retail sales,55167078.00,Retail e-commerce sales,4445597.00,8.058424
2021-02,Canada,Total retail sales,58691211.00,Retail e-commerce sales,4309171.00,7.342106
2021-03,Canada,Total retail sales,61692136.00,Retail e-commerce sales,4302730.00,6.974519
2021-04,Canada,Total retail sales,58413210.00,Retail e-commerce sales,4303184.00,7.366799
2021-05,Canada,Total retail sales,57034665.00,Retail e-commerce sales,4226917.00,7.411137
2021-06,Canada,Total retail sales,59665182.00,Retail e-commerce sales,4021110.00,6.739458
2021-07,Canada,Total retail sales,60202542.00,Retail e-commerce sales,3412827.00,5.668908
2021-08,Canada,Total retail sales,61117315.00,Retail e-commerce sales,3397592.00,5.559132
2021-09,Canada,Total retail sales,60798116.00,Retail e-commerce sales,3500147.00,5.756999
2021-10,Canada,Total retail sales,61717971.00,Retail e-commerce sales,3560659.00,5.769242
2021-11,Canada,Total retail sales,62372150.00,Retail e-commerce sales,3507179.00,5.622989
2021-12,Canada,Total retail sales,61335552.00,Retail e-commerce sales,3400846.00,5.544657
2022-01,Canada,Total retail sales,62902231.00,Retail e-commerce sales,3518778.00,5.594043
2022-02,Canada,Total retail sales,63226183.00,Retail e-commerce sales,3281699.00,5.190411
2022-03,Canada,Total retail sales,64010320.00,Retail e-commerce sales,3279951.00,5.124097
2022-04,Canada,Total retail sales,64083589.00,Retail e-commerce sales,3379302.00,5.273272
2022-05,Canada,Total retail sales,65991852.00,Retail e-commerce sales,3640416.00,5.516463
2022-06,Canada,Total retail sales,66813170.00,Retail e-commerce sales,3855439.00,5.770478
2022-07,Canada,Total retail sales,64911949.00,Retail e-commerce sales,3533141.00,5.442975
2022-08,Canada,Total retail sales,65182272.00,Retail e-commerce sales,3806625.00,5.839970
2022-09,Canada,Total retail sales,64874350.00,Retail e-commerce sales,3657586.00,5.637954
2022-10,Canada,Total retail sales,65505091.00,Retail e-commerce sales,3510933.00,5.359786
2022-11,Canada,Total retail sales,65322241.00,Retail e-commerce sales,3524832.00,5.396067
2022-12,Canada,Total retail sales,64724032.00,Retail e-commerce sales,3400497.00,5.253840
2023-01,Canada,Total retail sales,66337030.00,Retail e-commerce sales,3501939.00,5.279011
2023-02,Canada,Total retail sales,65393717.00,Retail e-commerce sales,3769070.00,5.763658
2023-03,Canada,Total retail sales,65151898.00,Retail e-commerce sales,3896372.00,5.980443
2023-04,Canada,Total retail sales,65543626.00,Retail e-commerce sales,3567549.00,5.443014
2023-05,Canada,Total retail sales,65912418.00,Retail e-commerce sales,3732844.00,5.663339
2023-06,Canada,Total retail sales,65999226.00,Retail e-commerce sales,3863030.00,5.853144
2023-07,Canada,Total retail sales,65934437.00,Retail e-commerce sales,3753400.00,5.692625
2023-08,Canada,Total retail sales,65928521.00,Retail e-commerce sales,3819179.00,5.792909
2023-09,Canada,Total retail sales,66731505.00,Retail e-commerce sales,3859893.00,5.784214
2023-10,Canada,Total retail sales,66669491.00,Retail e-commerce sales,3824462.00,5.736450
2023-11,Canada,Total retail sales,66440630.00,Retail e-commerce sales,3860956.00,5.811137
2023-12,Canada,Total retail sales,66326559.00,Retail e-commerce sales,3627709.00,5.469467
2024-01,Canada,Total retail sales,67090062.00,Retail e-commerce sales,4527838.00,6.748895
2024-02,Canada,Total retail sales,67161392.00,Retail e-commerce sales,4625696.00,6.887433
2024-03,Canada,Total retail sales,66654941.00,Retail e-commerce sales,4718038.00,7.078302
2024-04,Canada,Total retail sales,67248485.00,Retail e-commerce sales,4698685.00,6.987050
2024-05,Canada,Total retail sales,66881905.00,Retail e-commerce sales,4580199.00,6.848189
2024-06,Canada,Total retail sales,66441657.00,Retail e-commerce sales,4637405.00,6.979665
2024-07,Canada,Total retail sales,67786847.00,Retail e-commerce sales,4937157.00,7.283355
2024-08,Canada,Total retail sales,67604219.00,Retail e-commerce sales,4739656.00,7.010888
2024-09,Canada,Total retail sales,68321269.00,Retail e-commerce sales,4967175.00,7.270320
2024-10,Canada,Total retail sales,69041870.00,Retail e-commerce sales,5044865.00,7.306965
2024-11,Canada,Total retail sales,69070294.00,Retail e-commerce sales,5051712.00,7.313871
2024-12,Canada,Total retail sales,70891213.00,Retail e-commerce sales,5042880.00,7.113547
2025-01,Canada,Total retail sales,70573782.00,Retail e-commerce sales,4980050.00,7.056516
2025-02,Canada,Total retail sales,69400454.00,Retail e-commerce sales,4951163.00,7.134194
2025-03,Canada,Total retail sales,70269650.00,Retail e-commerce sales,4843867.00,6.893256
2025-04,Canada,Total retail sales,70413365.00,Retail e-commerce sales,5043638.00,7.162899
2025-05,Canada,Total retail sales,69612679.00,Retail e-commerce sales,4873856.00,7.001391
2025-06,Canada,Total retail sales,70579225.00,Retail e-commerce sales,4823340.00,6.833937
2025-07,Canada,Total retail sales,70134576.00,Retail e-commerce sales,5183994.00,7.391495
2025-08,Canada,Total retail sales,70780386.00,Retail e-commerce sales,4900198.00,6.923102
2025-09,Canada,Total retail sales,70059094.00,Retail e-commerce sales,4828931.00,6.892654
2025-10,Canada,Total retail sales,70112774.00,Retail e-commerce sales,4930486.00,7.032222
2025-11,Canada,Total retail sales,70985144.00,Retail e-commerce sales,4826915.00,6.799895
2025-12,Canada,Total retail sales,70708740.00,Retail e-commerce sales,5052983.00,7.146193
