2019-01,Alberta,6849274.00,6849274.000000
2019-02,Alberta,6846332.00,6847803.000000
2019-03,Alberta,7004759.00,6900121.666667
2019-04,Alberta,7094556.00,6981882.333333
2019-05,Alberta,7032082.00,7043799.000000
2019-06,Alberta,6959217.00,7028618.333333
2019-07,Alberta,7022772.00,7004690.333333
2019-08,Alberta,7003906.00,6995298.333333
2019-09,Alberta,6851074.00,6959250.666667
2019-10,Alberta,6934850.00,6929943.333333
2019-11,Alberta,6833655.00,6873193.000000
2019-12,Alberta,7069474.00,6945993.000000
2020-01,Alberta,7083978.00,6995702.333333
2020-02,Alberta,6968621.00,7040691.000000
2020-03,Alberta,6043770.00,6698789.666667
2020-04,Alberta,5068118.00,6026836.333333
2020-05,Alberta,6176291.00,5762726.333333
2020-06,Alberta,6998393.00,6080934.000000
2020-07,Alberta,7129646.00,6768110.000000
2020-08,Alberta,6760693.00,6962910.666667
2020-09,Alberta,7480420.00,7123586.333333
2020-10,Alberta,7414225.00,7218446.000000
2020-11,Alberta,7468556.00,7454400.333333
2020-12,Alberta,7381316.00,7421365.666667
2021-01,Alberta,7552942.00,7467604.666667
2021-02,Alberta,7659249.00,7531169.000000
2021-03,Alberta,7581547.00,7597912.666667
2021-04,Alberta,7693001.00,7644599.000000
2021-05,Alberta,7405134.00,7559894.000000
2021-06,Alberta,7621928.00,7573354.333333
2021-07,Alberta,7497697.00,7508253.000000
2021-08,Alberta,7520949.00,7546858.000000
2021-09,Alberta,7633607.00,7550751.000000
2021-10,Alberta,7839996.00,7664850.666667
2021-11,Alberta,7903125.00,7792242.666667
2021-12,Alberta,7624476.00,7789199.000000
2022-01,Alberta,7704806.00,7744135.666667
2022-02,Alberta,7872878.00,7734053.333333
2022-03,Alberta,8064834.00,7880839.333333
2022-04,Alberta,8059868.00,7999193.333333
2022-05,Alberta,8224780.00,8116494.000000
2022-06,Alberta,8190757.00,8158468.333333
2022-07,Alberta,8347161.00,8254232.666667
2022-08,Alberta,8304860.00,8280926.000000
2022-09,Alberta,8215623.00,8289214.666667
2022-10,Alberta,8324907.00,8281796.666667
2022-11,Alberta,8271164.00,8270564.666667
2022-12,Alberta,8225769.00,8273946.666667
2023-01,Alberta,8840565.00,8445832.666667
2023-02,Alberta,8663680.00,8576671.333333
2023-03,Alberta,8496489.00,8666911.333333
2023-04,Alberta,8531992.00,8564053.666667
2023-05,Alberta,8637272.00,8555251.000000
2023-06,Alberta,8449079.00,8539447.666667
2023-07,Alberta,8308798.00,8465049.666667
2023-08,Alberta,8379730.00,8379202.333333
2023-09,Alberta,8454199.00,8380909.000000
2023-10,Alberta,8421060.00,8418329.666667
2023-11,Alberta,8402835.00,8426031.333333
2023-12,Alberta,8393397.00,8405764.000000
2024-01,Alberta,8395621.00,8397284.333333
2024-02,Alberta,8418580.00,8402532.666667
2024-03,Alberta,8409819.00,8408006.666667
2024-04,Alberta,8843180.00,8557193.000000
2024-05,Alberta,8532721.00,8595240.000000
2024-06,Alberta,8465277.00,8613726.000000
2024-07,Alberta,8778598.00,8592198.666667
2024-08,Alberta,8511455.00,8585110.000000
2024-09,Alberta,8854602.00,8714885.000000
2024-10,Alberta,8852601.00,8739552.666667
2024-11,Alberta,8765710.00,8824304.333333
2024-12,Alberta,8932531.00,8850280.666667
2025-01,Alberta,8911794.00,8870011.666667
2025-02,Alberta,8746495.00,8863606.666667
2025-03,Alberta,8936018.00,8864769.000000
2025-04,Alberta,8772096.00,8818203.000000
2025-05,Alberta,8853989.00,8854034.333333
2025-06,Alberta,8924813.00,8850299.333333
2025-07,Alberta,8873067.00,8883956.333333
2025-08,Alberta,8963486.00,8920455.333333
2025-09,Alberta,8788286.00,8874946.333333
2025-10,Alberta,8872432.00,8874734.666667
2025-11,Alberta,9247734.00,8969484.000000
2025-12,Alberta,8999012.00,9039726.000000
2019-01,British Columbia,7623010.00,7623010.000000
2019-02,British Columbia,7460788.00,7541899.000000
2019-03,British Columbia,7637540.00,7573779.333333
2019-04,British Columbia,7542317.00,7546881.666667
2019-05,British Columbia,7631488.00,7603781.666667
2019-06,British Columbia,7510125.00,7561310.000000
2019-07,British Columbia,7551448.00,7564353.666667
2019-08,British Columbia,7674922.00,7578831.666667
2019-09,British Columbia,7613130.00,7613166.666667
2019-10,British Columbia,7600067.00,7629373.000000
2019-11,British Columbia,7631816.00,7615004.333333
2019-12,British Columbia,7828135.00,7686672.666667
2020-01,British Columbia,7644188.00,7701379.666667
2020-02,British Columbia,7755909.00,7742744.000000
2020-03,British Columbia,7266578.00,7555558.333333
2020-04,British Columbia,6050867.00,7024451.333333
2020-05,British Columbia,6903359.00,6740268.000000
2020-06,British Columbia,7760208.00,6904811.333333
2020-07,British Columbia,7941231.00,7534932.666667
2020-08,British Columbia,7974952.00,7892130.333333
2020-09,British Columbia,8273255.00,8063146.000000
2020-10,British Columbia,8427019.00,8225075.333333
2020-11,British Columbia,8456943.00,8385739.000000
2020-12,British Columbia,8461930.00,8448630.666667
2021-01,British Columbia,8718613.00,8545828.666667
2021-02,British Columbia,8725991.00,8635511.333333
2021-03,British Columbia,8723580.00,8722728.000000
2021-04,British Columbia,8798606.00,8749392.333333
2021-05,British Columbia,8706499.00,8742895.000000
2021-06,British Columbia,8787489.00,8764198.000000
2021-07,British Columbia,8683015.00,8725667.666667
2021-08,British Columbia,8673797.00,8714767.000000
2021-09,British Columbia,8727495.00,8694769.000000
2021-10,British Columbia,8740452.00,8713914.666667
2021-11,British Columbia,8724617.00,8730854.666667
2021-12,British Columbia,8642887.00,8702652.000000
2022-01,British Columbia,8848131.00,8738545.000000
2022-02,British Columbia,8873580.00,8788199.333333
2022-03,British Columbia,8849661.00,8857124.000000
2022-04,British Columbia,8948202.00,8890481.000000
2022-05,British Columbia,8959611.00,8919158.000000
2022-06,British Columbia,9303459.00,9070424.000000
2022-07,British Columbia,8997816.00,9086962.000000
2022-08,British Columbia,9188450.00,9163241.666667
2022-09,British Columbia,8996452.00,9060906.000000
2022-10,British Columbia,9076964.00,9087288.666667
2022-11,British Columbia,9058258.00,9043891.333333
2022-12,British Columbia,8788552.00,8974591.333333
2023-01,British Columbia,9177182.00,9007997.333333
2023-02,British Columbia,8696408.00,8887380.666667
2023-03,British Columbia,8996375.00,8956655.000000
2023-04,British Columbia,8748978.00,8813920.333333
2023-05,British Columbia,9060073.00,8935142.000000
2023-06,British Columbia,8884836.00,8897962.333333
2023-07,British Columbia,9012593.00,8985834.000000
2023-08,British Columbia,9007119.00,8968182.666667
2023-09,British Columbia,9064102.00,9027938.000000
2023-10,British Columbia,9002367.00,9024529.333333
2023-11,British Columbia,9053094.00,9039854.333333
2023-12,British Columbia,9062904.00,9039455.000000
2024-01,British Columbia,8814883.00,8976960.333333
2024-02,British Columbia,8952506.00,8943431.000000
2024-03,British Columbia,8948558.00,8905315.666667
2024-04,British Columbia,8976138.00,8959067.333333
2024-05,British Columbia,8914176.00,8946290.666667
2024-06,British Columbia,8776221.00,8888845.000000
2024-07,British Columbia,8994978.00,8895125.000000
2024-08,British Columbia,9000468.00,8923889.000000
2024-09,British Columbia,9145763.00,9047069.666667
2024-10,British Columbia,9265410.00,9137213.666667
2024-11,British Columbia,9239591.00,9216921.333333
2024-12,British Columbia,9396235.00,9300412.000000
2025-01,British Columbia,9837480.00,9491102.000000
2025-02,British Columbia,9448525.00,9560746.666667
2025-03,British Columbia,9458693.00,9581566.000000
2025-04,British Columbia,9652492.00,9519903.333333
2025-05,British Columbia,9590037.00,9567074.000000
2025-06,British Columbia,9829150.00,9690559.666667
2025-07,British Columbia,9649357.00,9689514.666667
2025-08,British Columbia,9613278.00,9697261.666667
2025-09,British Columbia,9535143.00,9599259.333333
2025-10,British Columbia,9493269.00,9547230.000000
2025-11,British Columbia,9665996.00,9564802.666667
2025-12,British Columbia,9619953.00,9593072.666667
2019-01,Canada,52907965.00,52907965.000000
2019-02,Canada,52997482.00,52952723.500000
2019-03,Canada,53627744.00,53177730.333333
2019-04,Canada,53786070.00,53470432.000000
2019-05,Canada,54093066.00,53835626.666667
2019-06,Canada,53802084.00,53893740.000000
2019-07,Canada,54381960.00,54092370.000000
2019-08,Canada,54350184.00,54178076.000000
2019-09,Canada,54363245.00,54365129.666667
2019-10,Canada,53625470.00,54112966.333333
2019-11,Canada,54040294.00,54009669.666667
2019-12,Canada,55349866.00,54338543.333333
2020-01,Canada,54694567.00,54694909.000000
2020-02,Canada,54879879.00,54974770.666667
2020-03,Canada,48808933.00,52794459.666667
2020-04,Canada,37562059.00,47083623.666667
2020-05,Canada,45898194.00,44089728.666667
2020-06,Canada,55877453.00,46445902.000000
2020-07,Canada,56307980.00,52694542.333333
2020-08,Canada,56079836.00,56088423.000000
2020-09,Canada,57985834.00,56791216.666667
2020-10,Canada,58530435.00,57532035.000000
2020-11,Canada,58735568.00,58417279.000000
2020-12,Canada,56372888.00,57879630.333333
2021-01,Canada,55167078.00,56758511.333333
2021-02,Canada,58691211.00,56743725.666667
2021-03,Canada,61692136.00,58516808.333333
2021-04,Canada,58413210.00,59598852.333333
2021-05,Canada,57034665.00,59046670.333333
2021-06,Canada,59665182.00,58371019.000000
2021-07,Canada,60202542.00,58967463.000000
2021-08,Canada,61117315.00,60328346.333333
2021-09,Canada,60798116.00,60705991.000000
2021-10,Canada,61717971.00,61211134.000000
2021-11,Canada,62372150.00,61629412.333333
2021-12,Canada,61335552.00,61808557.666667
2022-01,Canada,62902231.00,62203311.000000
2022-02,Canada,63226183.00,62487988.666667
2022-03,Canada,64010320.00,63379578.000000
2022-04,Canada,64083589.00,63773364.000000
2022-05,Canada,65991852.00,64695253.666667
2022-06,Canada,66813170.00,65629537.000000
2022-07,Canada,64911949.00,65905657.000000
2022-08,Canada,65182272.00,65635797.000000
2022-09,Canada,64874350.00,64989523.666667
2022-10,Canada,65505091.00,65187237.666667
2022-11,Canada,65322241.00,65233894.000000
2022-12,Canada,64724032.00,65183788.000000
2023-01,Canada,66337030.00,65461101.000000
2023-02,Canada,65393717.00,65484926.333333
2023-03,Canada,65151898.00,65627548.333333
2023-04,Canada,65543626.00,65363080.333333
2023-05,Canada,65912418.00,65535980.666667
2023-06,Canada,65999226.00,65818423.333333
2023-07,Canada,65934437.00,65948693.666667
2023-08,Canada,65928521.00,65954061.333333
2023-09,Canada,66731505.00,66198154.333333
2023-10,Canada,66669491.00,66443172.333333
2023-11,Canada,66440630.00,66613875.333333
2023-12,Canada,66326559.00,66478893.333333
2024-01,Canada,67090062.00,66619083.666667
2024-02,Canada,67161392.00,66859337.666667
2024-03,Canada,66654941.00,66968798.333333
2024-04,Canada,67248485.00,67021606.000000
2024-05,Canada,66881905.00,66928443.666667
2024-06,Canada,66441657.00,66857349.000000
2024-07,Canada,67786847.00,67036803.000000
2024-08,Canada,67604219.00,67277574.333333
2024-09,Canada,68321269.00,67904111.666667
2024-10,Canada,69041870.00,68322452.666667
2024-11,Canada,69070294.00,68811144.333333
2024-12,Canada,70891213.00,69667792.333333
2025-01,Canada,70573782.00,70178429.666667
2025-02,Canada,69400454.00,70288483.000000
2025-03,Canada,70269650.00,70081295.333333
2025-04,Canada,70413365.00,70027823.000000
2025-05,Canada,69612679.00,70098564.666667
2025-06,Canada,70579225.00,70201756.333333
2025-07,Canada,70134576.00,70108826.666667
2025-08,Canada,70780386.00,70498062.333333
2025-09,Canada,70059094.00,70324685.333333
2025-10,Canada,70112774.00,70317418.000000
2025-11,Canada,70985144.00,70385670.666667
2025-12,Canada,70708740.00,70602219.333333
2019-01,Ontario,20208460.00,20208460.000000
2019-02,Ontario,20303537.00,20255998.500000
2019-03,Ontario,20332648.00,20281548.333333
2019-04,Ontario,20709633.00,20448606.000000
2019-05,Ontario,20829825.00,20624035.333333
2019-06,Ontario,20895556.00,20811671.333333
2019-07,Ontario,21159166.00,20961515.666667
2019-08,Ontario,21038507.00,21031076.333333
2019-09,Ontario,21167994.00,21121889.000000
2019-10,Ontario,20499721.00,20902074.000000
2019-11,Ontario,21026654.00,20898123.000000
2019-12,Ontario,21595758.00,21040711.000000
2020-01,Ontario,21000507.00,21207639.666667
2020-02,Ontario,21325158.00,21307141.000000
2020-03,Ontario,19305055.00,20543573.333333
2020-04,Ontario,13867134.00,18165782.333333
2020-05,Ontario,16112190.00,16428126.333333
2020-06,Ontario,21269304.00,17082876.000000
2020-07,Ontario,21339294.00,19573596.000000
2020-08,Ontario,21283510.00,21297369.333333
2020-09,Ontario,21980870.00,21534558.000000
2020-10,Ontario,22342351.00,21868910.333333
2020-11,Ontario,22181652.00,22168291.000000
2020-12,Ontario,21061215.00,21861739.333333
2021-01,Ontario,20179027.00,21140631.333333
2021-02,Ontario,21315940.00,20852060.666667
2021-03,Ontario,23345118.00,21613361.666667
2021-04,Ontario,20272315.00,21644457.666667
2021-05,Ontario,19843241.00,21153558.000000
2021-06,Ontario,22176823.00,20764126.333333
2021-07,Ontario,22859525.00,21626529.666667
2021-08,Ontario,23452781.00,22829709.666667
2021-09,Ontario,22751623.00,23021309.666667
2021-10,Ontario,23340552.00,23181652.000000
2021-11,Ontario,23665385.00,23252520.000000
2021-12,Ontario,23253532.00,23419823.000000
2022-01,Ontario,23976781.00,23631899.333333
2022-02,Ontario,23927604.00,23719305.666667
2022-03,Ontario,24525937.00,24143440.666667
2022-04,Ontario,24634331.00,24362624.000000
2022-05,Ontario,25371058.00,24843775.333333
2022-06,Ontario,25940324.00,25315237.666667
2022-07,Ontario,24444068.00,25251816.666667
2022-08,Ontario,24523942.00,24969444.666667
2022-09,Ontario,24703672.00,24557227.333333
2022-10,Ontario,24605031.00,24610881.666667
2022-11,Ontario,24465206.00,24591303.000000
2022-12,Ontario,24273841.00,24448026.000000
2023-01,Ontario,24613305.00,24450784.000000
2023-02,Ontario,24427785.00,24438310.333333
2023-03,Ontario,24232934.00,24424674.666667
2023-04,Ontario,24816515.00,24492411.333333
2023-05,Ontario,24723582.00,24591010.333333
2023-06,Ontario,24902259.00,24814118.666667
2023-07,Ontario,24745257.00,24790366.000000
2023-08,Ontario,24782281.00,24809932.333333
2023-09,Ontario,25151150.00,24892896.000000
2023-10,Ontario,24975707.00,24969712.666667
2023-11,Ontario,24941387.00,25022748.000000
2023-12,Ontario,25024852.00,24980648.666667
2024-01,Ontario,25934861.00,25300366.666667
2024-02,Ontario,26004500.00,25654737.666667
2024-03,Ontario,25477144.00,25805501.666667
2024-04,Ontario,25237074.00,25572906.000000
2024-05,Ontario,25273959.00,25329392.333333
2024-06,Ontario,25206447.00,25239160.000000
2024-07,Ontario,25595906.00,25358770.666667
2024-08,Ontario,25689183.00,25497178.666667
2024-09,Ontario,25822657.00,25702582.000000
2024-10,Ontario,26155247.00,25889029.000000
2024-11,Ontario,26423938.00,26133947.333333
2024-12,Ontario,27149927.00,26576370.666667
2025-01,Ontario,26683884.00,26752583.000000
2025-02,Ontario,26379755.00,26737855.333333
2025-03,Ontario,26683008.00,26582215.666667
2025-04,Ontario,26754966.00,26605909.666667
2025-05,Ontario,26207816.00,26548596.666667
2025-06,Ontario,26818327.00,26593703.000000
2025-07,Ontario,26617674.00,26547939.000000
2025-08,Ontario,26827533.00,26754511.333333
2025-09,Ontario,26484398.00,26643201.666667
2025-10,Ontario,26570735.00,26627555.333333
2025-11,Ontario,26736104.00,26597079.000000
2025-12,Ontario,26739658.00,26682165.666667
2019-01,Quebec,11163366.00,11163366.000000
2019-02,Quebec,11300910.00,11232138.000000
2019-03,Quebec,11428147.00,11297474.333333
2019-04,Quebec,11247295.00,11325450.666667
2019-05,Quebec,11467525.00,11380989.000000
2019-06,Quebec,11312376.00,11342398.666667
2019-07,Quebec,11435129.00,11405010.000000
2019-08,Quebec,11394962.00,11380822.333333
2019-09,Quebec,11533892.00,11454661.000000
2019-10,Quebec,11370798.00,11433217.333333
2019-11,Quebec,11402632.00,11435774.000000
2019-12,Quebec,11548840.00,11440756.666667
2020-01,Quebec,11625812.00,11525761.333333
2020-02,Quebec,11542429.00,11572360.333333
2020-03,Quebec,9685949.00,10951396.666667
2020-04,Quebec,7156289.00,9461555.666667
2020-05,Quebec,10088705.00,8976981.000000
2020-06,Quebec,12348380.00,9864458.000000
2020-07,Quebec,12316742.00,11584609.000000
2020-08,Quebec,12463076.00,12376066.000000
2020-09,Quebec,12522834.00,12434217.333333
2020-10,Quebec,12657567.00,12547825.666667
2020-11,Quebec,12964825.00,12715075.333333
2020-12,Quebec,12139198.00,12587196.666667
2021-01,Quebec,10858821.00,11987614.666667
2021-02,Quebec,12965413.00,11987810.666667
2021-03,Quebec,13780138.00,12534790.666667
2021-04,Quebec,13452879.00,13399476.666667
2021-05,Quebec,13124255.00,13452424.000000
2021-06,Quebec,12970618.00,13182584.000000
2021-07,Quebec,13073874.00,13056249.000000
2021-08,Quebec,13253357.00,13099283.000000
2021-09,Quebec,13409984.00,13245738.333333
2021-10,Quebec,13401277.00,13354872.666667
2021-11,Quebec,13574946.00,13462069.000000
2021-12,Quebec,13457059.00,13477760.666667
2022-01,Quebec,14031563.00,13687856.000000
2022-02,Quebec,13976959.00,13821860.333333
2022-03,Quebec,13918014.00,13975512.000000
2022-04,Quebec,13862196.00,13919056.333333
2022-05,Quebec,14586695.00,14122301.666667
2022-06,Quebec,14407162.00,14285351.000000
2022-07,Quebec,14193599.00,14395818.666667
2022-08,Quebec,14282964.00,14294575.000000
2022-09,Quebec,14090619.00,14189060.666667
2022-10,Quebec,14398590.00,14257391.000000
2022-11,Quebec,14447717.00,14312308.666667
2022-12,Quebec,14491642.00,14445983.000000
2023-01,Quebec,14618239.00,14519199.333333
2023-02,Quebec,14673499.00,14594460.000000
2023-03,Quebec,14653122.00,14648286.666667
2023-04,Quebec,14568564.00,14631728.333333
2023-05,Quebec,14531519.00,14584401.666667
2023-06,Quebec,14749026.00,14616369.666667
2023-07,Quebec,14881830.00,14720791.666667
2023-08,Quebec,14769171.00,14800009.000000
2023-09,Quebec,14918960.00,14856653.666667
2023-10,Quebec,15008776.00,14898969.000000
2023-11,Quebec,14952210.00,14959982.000000
2023-12,Quebec,14755430.00,14905472.000000
2024-01,Quebec,14767544.00,14825061.333333
2024-02,Quebec,14702148.00,14741707.333333
2024-03,Quebec,14786536.00,14752076.000000
2024-04,Quebec,14946847.00,14811843.666667
2024-05,Quebec,14980570.00,14904651.000000
2024-06,Quebec,14857326.00,14928247.666667
2024-07,Quebec,15079223.00,14972373.000000
2024-08,Quebec,15047423.00,14994657.333333
2024-09,Quebec,15157063.00,15094569.666667
2024-10,Quebec,15368225.00,15190903.666667
2024-11,Quebec,15329704.00,15284997.333333
2024-12,Quebec,15817522.00,15505150.333333
2025-01,Quebec,15471204.00,15539476.666667
2025-02,Quebec,15230056.00,15506260.666667
2025-03,Quebec,15502754.00,15401338.000000
2025-04,Quebec,15596844.00,15443218.000000
2025-05,Quebec,15413556.00,15504384.666667
2025-06,Quebec,15503850.00,15504750.000000
2025-07,Quebec,15552827.00,15490077.666667
2025-08,Quebec,15868463.00,15641713.333333
2025-09,Quebec,15769257.00,15730182.333333
2025-10,Quebec,15601219.00,15746313.000000
2025-11,Quebec,15648579.00,15673018.333333
2025-12,Quebec,15748859.00,15666219.000000
