2019-01,Canada,1654977.00,Retail e-commerce sales,Seasonally adjusted,Retail trade [44-45]
2019-02,Canada,1682044.00,Retail e-commerce sales,Seasonally adjusted,Retail trade [44-45]
2019-03,Canada,1718040.00,Retail e-commerce sales,Seasonally adjusted,Retail trade [44-45]
2019-04,Canada,1726614.00,Retail e-commerce sales,Seasonally adjusted,Retail trade [44-45]
2019-05,Canada,1815197.00,Retail e-commerce sales,Seasonally adjusted,Retail trade [44-45]
2019-06,Canada,1977594.00,Retail e-commerce sales,Seasonally adjusted,Retail trade [44-45]
2019-07,Canada,2013074.00,Retail e-commerce sales,Seasonally adjusted,Retail trade [44-45]
2019-08,Canada,1971331.00,Retail e-commerce sales,Seasonally adjusted,Retail trade [44-45]
2019-09,Canada,1987014.00,Retail e-commerce sales,Seasonally adjusted,Retail trade [44-45]
2019-10,Canada,1945389.00,Retail e-commerce sales,Seasonally adjusted,Retail trade [44-45]
2019-11,Canada,1937081.00,Retail e-commerce sales,Seasonally adjusted,Retail trade [44-45]
2019-12,Canada,2057275.00,Retail e-commerce sales,Seasonally adjusted,Retail trade [44-45]
2020-01,Canada,2009310.00,Retail e-commerce sales,Seasonally adjusted,Retail trade [44-45]
2020-02,Canada,2180212.00,Retail e-commerce sales,Seasonally adjusted,Retail trade [44-45]
2020-03,Canada,2632279.00,Retail e-commerce sales,Seasonally adjusted,Retail trade [44-45]
2020-04,Canada,4020251.00,Retail e-commerce sales,Seasonally adjusted,Retail trade [44-45]
2020-05,Canada,4074010.00,Retail e-commerce sales,Seasonally adjusted,Retail trade [44-45]
2020-06,Canada,3573099.00,Retail e-commerce sales,Seasonally adjusted,Retail trade [44-45]
2020-07,Canada,3485623.00,Retail e-commerce sales,Seasonally adjusted,Retail trade [44-45]
2020-08,Canada,3442861.00,Retail e-commerce sales,Seasonally adjusted,Retail trade [44-45]
2020-09,Canada,3421654.00,Retail e-commerce sales,Seasonally adjusted,Retail trade [44-45]
2020-10,Canada,3405942.00,Retail e-commerce sales,Seasonally adjusted,Retail trade [44-45]
2020-11,Canada,3434353.00,Retail e-commerce sales,Seasonally adjusted,Retail trade [44-45]
2020-12,Canada,3668498.00,Retail e-commerce sales,Seasonally adjusted,Retail trade [44-45]
2021-01,Canada,4445597.00,Retail e-commerce sales,Seasonally adjusted,Retail trade [44-45]
2021-02,Canada,4309171.00,Retail e-commerce sales,Seasonally adjusted,Retail trade [44-45]
2021-03,Canada,4302730.00,Retail e-commerce sales,Seasonally adjusted,Retail trade [44-45]
2021-04,Canada,4303184.00,Retail e-commerce sales,Seasonally adjusted,Retail trade [44-45]
2021-05,Canada,4226917.00,Retail e-commerce sales,Seasonally adjusted,Retail trade [44-45]
2021-06,Canada,4021110.00,Retail e-commerce sales,Seasonally adjusted,Retail trade [44-45]
2021-07,Canada,3412827.00,Retail e-commerce sales,Seasonally adjusted,Retail trade [44-45]
2021-08,Canada,3397592.00,Retail e-commerce sales,Seasonally adjusted,Retail trade [44-45]
2021-09,Canada,3500147.00,Retail e-commerce sales,Seasonally adjusted,Retail trade [44-45]
2021-10,Canada,3560659.00,Retail e-commerce sales,Seasonally adjusted,Retail trade [44-45]
2021-11,Canada,3507179.00,Retail e-commerce sales,Seasonally adjusted,Retail trade [44-45]
2021-12,Canada,3400846.00,Retail e-commerce sales,Seasonally adjusted,Retail trade [44-45]
2022-01,Canada,3518778.00,Retail e-commerce sales,Seasonally adjusted,Retail trade [44-45]
2022-02,Canada,3281699.00,Retail e-commerce sales,Seasonally adjusted,Retail trade [44-45]
2022-03,Canada,3279951.00,Retail e-commerce sales,Seasonally adjusted,Retail trade [44-45]
2022-04,Canada,3379302.00,Retail e-commerce sales,Seasonally adjusted,Retail trade [44-45]
2022-05,Canada,3640416.00,Retail e-commerce sales,Seasonally adjusted,Retail trade [44-45]
2022-06,Canada,3855439.00,Retail e-commerce sales,Seasonally adjusted,Retail trade [44-45]
2022-07,Canada,3533141.00,Retail e-commerce sales,Seasonally adjusted,Retail trade [44-45]
2022-08,Canada,3806625.00,Retail e-commerce sales,Seasonally adjusted,Retail trade [44-45]
2022-09,Canada,3657586.00,Retail e-commerce sales,Seasonally adjusted,Retail trade [44-45]
2022-10,Canada,3510933.00,Retail e-commerce sales,Seasonally adjusted,Retail trade [44-45]
2022-11,Canada,3524832.00,Retail e-commerce sales,Seasonally adjusted,Retail trade [44-45]
2022-12,Canada,3400497.00,Retail e-commerce sales,Seasonally adjusted,Retail trade [44-45]
2023-01,Canada,3501939.00,Retail e-commerce sales,Seasonally adjusted,Retail trade [44-45]
2023-02,Canada,3769070.00,Retail e-commerce sales,Seasonally adjusted,Retail trade [44-45]
2023-03,Canada,3896372.00,Retail e-commerce sales,Seasonally adjusted,Retail trade [44-45]
2023-04,Canada,3567549.00,Retail e-commerce sales,Seasonally adjusted,Retail trade [44-45]
2023-05,Canada,3732844.00,Retail e-commerce sales,Seasonally adjusted,Retail trade [44-45]
2023-06,Canada,3863030.00,Retail e-commerce sales,Seasonally adjusted,Retail trade [44-45]
2023-07,Canada,3753400.00,Retail e-commerce sales,Seasonally adjusted,Retail trade [44-45]
2023-08,Canada,3819179.00,Retail e-commerce sales,Seasonally adjusted,Retail trade [44-45]
2023-09,Canada,3859893.00,Retail e-commerce sales,Seasonally adjusted,Retail trade [44-45]
2023-10,Canada,3824462.00,Retail e-commerce sales,Seasonally adjusted,Retail trade [44-45]
2023-11,Canada,3860956.00,Retail e-commerce sales,Seasonally adjusted,Retail trade [44-45]
2023-12,Canada,3627709.00,Retail e-commerce sales,Seasonally adjusted,Retail trade [44-45]
2024-01,Canada,4527838.00,Retail e-commerce sales,Seasonally adjusted,Retail trade [44-45]
2024-02,Canada,4625696.00,Retail e-commerce sales,Seasonally adjusted,Retail trade [44-45]
2024-03,Canada,4718038.00,Retail e-commerce sales,Seasonally adjusted,Retail trade [44-45]
2024-04,Canada,4698685.00,Retail e-commerce sales,Seasonally adjusted,Retail trade [44-45]
2024-05,Canada,4580199.00,Retail e-commerce sales,Seasonally adjusted,Retail trade [44-45]
2024-06,Canada,4637405.00,Retail e-commerce sales,Seasonally adjusted,Retail trade [44-45]
2024-07,Canada,4937157.00,Retail e-commerce sales,Seasonally adjusted,Retail trade [44-45]
2024-08,Canada,4739656.00,Retail e-commerce sales,Seasonally adjusted,Retail trade [44-45]
2024-09,Canada,4967175.00,Retail e-commerce sales,Seasonally adjusted,Retail trade [44-45]
2024-10,Canada,5044865.00,Retail e-commerce sales,Seasonally adjusted,Retail trade [44-45]
2024-11,Canada,5051712.00,Retail e-commerce sales,Seasonally adjusted,Retail trade [44-45]
2024-12,Canada,5042880.00,Retail e-commerce sales,Seasonally adjusted,Retail trade [44-45]
2025-01,Canada,4980050.00,Retail e-commerce sales,Seasonally adjusted,Retail trade [44-45]
2025-02,Canada,4951163.00,Retail e-commerce sales,Seasonally adjusted,Retail trade [44-45]
2025-03,Canada,4843867.00,Retail e-commerce sales,Seasonally adjusted,Retail trade [44-45]
2025-04,Canada,5043638.00,Retail e-commerce sales,Seasonally adjusted,Retail trade [44-45]
2025-05,Canada,4873856.00,Retail e-commerce sales,Seasonally adjusted,Retail trade [44-45]
2025-06,Canada,4823340.00,Retail e-commerce sales,Seasonally adjusted,Retail trade [44-45]
2025-07,Canada,5183994.00,Retail e-commerce sales,Seasonally adjusted,Retail trade [44-45]
2025-08,Canada,4900198.00,Retail e-commerce sales,Seasonally adjusted,Retail trade [44-45]
2025-09,Canada,4828931.00,Retail e-commerce sales,Seasonally adjusted,Retail trade [44-45]
2025-10,Canada,4930486.00,Retail e-commerce sales,Seasonally adjusted,Retail trade [44-45]
2025-11,Canada,4826915.00,Retail e-commerce sales,Seasonally adjusted,Retail trade [44-45]
2025-12,Canada,5052983.00,Retail e-commerce sales,Seasonally adjusted,Retail trade [44-45]
