2019-01,Ontario,20208460.00,1
2019-01,Quebec,11163366.00,2
2019-01,British Columbia,7623010.00,3
2019-01,Alberta,6849274.00,4
2019-02,Ontario,20303537.00,1
2019-02,Quebec,11300910.00,2
2019-02,British Columbia,7460788.00,3
2019-02,Alberta,6846332.00,4
2019-03,Ontario,20332648.00,1
2019-03,Quebec,11428147.00,2
2019-03,British Columbia,7637540.00,3
2019-03,Alberta,7004759.00,4
2019-04,Ontario,20709633.00,1
2019-04,Quebec,11247295.00,2
2019-04,British Columbia,7542317.00,3
2019-04,Alberta,7094556.00,4
2019-05,Ontario,20829825.00,1
2019-05,Quebec,11467525.00,2
2019-05,British Columbia,7631488.00,3
2019-05,Alberta,7032082.00,4
2019-06,Ontario,20895556.00,1
2019-06,Quebec,11312376.00,2
2019-06,British Columbia,7510125.00,3
2019-06,Alberta,6959217.00,4
2019-07,Ontario,21159166.00,1
2019-07,Quebec,11435129.00,2
2019-07,British Columbia,7551448.00,3
2019-07,Alberta,7022772.00,4
2019-08,Ontario,21038507.00,1
2019-08,Quebec,11394962.00,2
2019-08,British Columbia,7674922.00,3
2019-08,Alberta,7003906.00,4
2019-09,Ontario,21167994.00,1
2019-09,Quebec,11533892.00,2
2019-09,British Columbia,7613130.00,3
2019-09,Alberta,6851074.00,4
2019-10,Ontario,20499721.00,1
2019-10,Quebec,11370798.00,2
2019-10,British Columbia,7600067.00,3
2019-10,Alberta,6934850.00,4
2019-11,Ontario,21026654.00,1
2019-11,Quebec,11402632.00,2
2019-11,British Columbia,7631816.00,3
2019-11,Alberta,6833655.00,4
2019-12,Ontario,21595758.00,1
2019-12,Quebec,11548840.00,2
2019-12,British Columbia,7828135.00,3
2019-12,Alberta,7069474.00,4
2020-01,Ontario,21000507.00,1
2020-01,Quebec,11625812.00,2
2020-01,British Columbia,7644188.00,3
2020-01,Alberta,7083978.00,4
2020-02,Ontario,21325158.00,1
2020-02,Quebec,11542429.00,2
2020-02,British Columbia,7755909.00,3
2020-02,Alberta,6968621.00,4
2020-03,Ontario,19305055.00,1
2020-03,Quebec,9685949.00,2
2020-03,British Columbia,7266578.00,3
2020-03,Alberta,6043770.00,4
2020-04,Ontario,13867134.00,1
2020-04,Quebec,7156289.00,2
2020-04,British Columbia,6050867.00,3
2020-04,Alberta,5068118.00,4
2020-05,Ontario,16112190.00,1
2020-05,Quebec,10088705.00,2
2020-05,British Columbia,6903359.00,3
2020-05,Alberta,6176291.00,4
2020-06,Ontario,21269304.00,1
2020-06,Quebec,12348380.00,2
2020-06,British Columbia,7760208.00,3
2020-06,Alberta,6998393.00,4
2020-07,Ontario,21339294.00,1
2020-07,Quebec,12316742.00,2
2020-07,British Columbia,7941231.00,3
2020-07,Alberta,7129646.00,4
2020-08,Ontario,21283510.00,1
2020-08,Quebec,12463076.00,2
2020-08,British Columbia,7974952.00,3
2020-08,Alberta,6760693.00,4
2020-09,Ontario,21980870.00,1
2020-09,Quebec,12522834.00,2
2020-09,British Columbia,8273255.00,3
2020-09,Alberta,7480420.00,4
2020-10,Ontario,22342351.00,1
2020-10,Quebec,12657567.00,2
2020-10,British Columbia,8427019.00,3
2020-10,Alberta,7414225.00,4
2020-11,Ontario,22181652.00,1
2020-11,Quebec,12964825.00,2
2020-11,British Columbia,8456943.00,3
2020-11,Alberta,7468556.00,4
2020-12,Ontario,21061215.00,1
2020-12,Quebec,12139198.00,2
2020-12,British Columbia,8461930.00,3
2020-12,Alberta,7381316.00,4
2021-01,Ontario,20179027.00,1
2021-01,Quebec,10858821.00,2
2021-01,British Columbia,8718613.00,3
2021-01,Alberta,7552942.00,4
2021-02,Ontario,21315940.00,1
2021-02,Quebec,12965413.00,2
2021-02,British Columbia,8725991.00,3
2021-02,Alberta,7659249.00,4
2021-03,Ontario,23345118.00,1
2021-03,Quebec,13780138.00,2
2021-03,British Columbia,8723580.00,3
2021-03,Alberta,7581547.00,4
2021-04,Ontario,20272315.00,1
2021-04,Quebec,13452879.00,2
2021-04,British Columbia,8798606.00,3
2021-04,Alberta,7693001.00,4
2021-05,Ontario,19843241.00,1
2021-05,Quebec,13124255.00,2
2021-05,British Columbia,8706499.00,3
2021-05,Alberta,7405134.00,4
2021-06,Ontario,22176823.00,1
2021-06,Quebec,12970618.00,2
2021-06,British Columbia,8787489.00,3
2021-06,Alberta,7621928.00,4
2021-07,Ontario,22859525.00,1
2021-07,Quebec,13073874.00,2
2021-07,British Columbia,8683015.00,3
2021-07,Alberta,7497697.00,4
2021-08,Ontario,23452781.00,1
2021-08,Quebec,13253357.00,2
2021-08,British Columbia,8673797.00,3
2021-08,Alberta,7520949.00,4
2021-09,Ontario,22751623.00,1
2021-09,Quebec,13409984.00,2
2021-09,British Columbia,8727495.00,3
2021-09,Alberta,7633607.00,4
2021-10,Ontario,23340552.00,1
2021-10,Quebec,13401277.00,2
2021-10,British Columbia,8740452.00,3
2021-10,Alberta,7839996.00,4
2021-11,Ontario,23665385.00,1
2021-11,Quebec,13574946.00,2
2021-11,British Columbia,8724617.00,3
2021-11,Alberta,7903125.00,4
2021-12,Ontario,23253532.00,1
2021-12,Quebec,13457059.00,2
2021-12,British Columbia,8642887.00,3
2021-12,Alberta,7624476.00,4
2022-01,Ontario,23976781.00,1
2022-01,Quebec,14031563.00,2
2022-01,British Columbia,8848131.00,3
2022-01,Alberta,7704806.00,4
2022-02,Ontario,23927604.00,1
2022-02,Quebec,13976959.00,2
2022-02,British Columbia,8873580.00,3
2022-02,Alberta,7872878.00,4
2022-03,Ontario,24525937.00,1
2022-03,Quebec,13918014.00,2
2022-03,British Columbia,8849661.00,3
2022-03,Alberta,8064834.00,4
2022-04,Ontario,24634331.00,1
2022-04,Quebec,13862196.00,2
2022-04,British Columbia,8948202.00,3
2022-04,Alberta,8059868.00,4
2022-05,Ontario,25371058.00,1
2022-05,Quebec,14586695.00,2
2022-05,British Columbia,8959611.00,3
2022-05,Alberta,8224780.00,4
2022-06,Ontario,25940324.00,1
2022-06,Quebec,14407162.00,2
2022-06,British Columbia,9303459.00,3
2022-06,Alberta,8190757.00,4
2022-07,Ontario,24444068.00,1
2022-07,Quebec,14193599.00,2
2022-07,British Columbia,8997816.00,3
2022-07,Alberta,8347161.00,4
2022-08,Ontario,24523942.00,1
2022-08,Quebec,14282964.00,2
2022-08,British Columbia,9188450.00,3
2022-08,Alberta,8304860.00,4
2022-09,Ontario,24703672.00,1
2022-09,Quebec,14090619.00,2
2022-09,British Columbia,8996452.00,3
2022-09,Alberta,8215623.00,4
2022-10,Ontario,24605031.00,1
2022-10,Quebec,14398590.00,2
2022-10,British Columbia,9076964.00,3
2022-10,Alberta,8324907.00,4
2022-11,Ontario,24465206.00,1
2022-11,Quebec,14447717.00,2
2022-11,British Columbia,9058258.00,3
2022-11,Alberta,8271164.00,4
2022-12,Ontario,24273841.00,1
2022-12,Quebec,14491642.00,2
2022-12,British Columbia,8788552.00,3
2022-12,Alberta,8225769.00,4
2023-01,Ontario,24613305.00,1
2023-01,Quebec,14618239.00,2
2023-01,British Columbia,9177182.00,3
2023-01,Alberta,8840565.00,4
2023-02,Ontario,24427785.00,1
2023-02,Quebec,14673499.00,2
2023-02,British Columbia,8696408.00,3
2023-02,Alberta,8663680.00,4
2023-03,Ontario,24232934.00,1
2023-03,Quebec,14653122.00,2
2023-03,British Columbia,8996375.00,3
2023-03,Alberta,8496489.00,4
2023-04,Ontario,24816515.00,1
2023-04,Quebec,14568564.00,2
2023-04,British Columbia,8748978.00,3
2023-04,Alberta,8531992.00,4
2023-05,Ontario,24723582.00,1
2023-05,Quebec,14531519.00,2
2023-05,British Columbia,9060073.00,3
2023-05,Alberta,8637272.00,4
2023-06,Ontario,24902259.00,1
2023-06,Quebec,14749026.00,2
2023-06,British Columbia,8884836.00,3
2023-06,Alberta,8449079.00,4
2023-07,Ontario,24745257.00,1
2023-07,Quebec,14881830.00,2
2023-07,British Columbia,9012593.00,3
2023-07,Alberta,8308798.00,4
2023-08,Ontario,24782281.00,1
2023-08,Quebec,14769171.00,2
2023-08,British Columbia,9007119.00,3
2023-08,Alberta,8379730.00,4
2023-09,Ontario,25151150.00,1
2023-09,Quebec,14918960.00,2
2023-09,British Columbia,9064102.00,3
2023-09,Alberta,8454199.00,4
2023-10,Ontario,24975707.00,1
2023-10,Quebec,15008776.00,2
2023-10,British Columbia,9002367.00,3
2023-10,Alberta,8421060.00,4
2023-11,Ontario,24941387.00,1
2023-11,Quebec,14952210.00,2
2023-11,British Columbia,9053094.00,3
2023-11,Alberta,8402835.00,4
2023-12,Ontario,25024852.00,1
2023-12,Quebec,14755430.00,2
2023-12,British Columbia,9062904.00,3
2023-12,Alberta,8393397.00,4
2024-01,Ontario,25934861.00,1
2024-01,Quebec,14767544.00,2
2024-01,British Columbia,8814883.00,3
2024-01,Alberta,8395621.00,4
2024-02,Ontario,26004500.00,1
2024-02,Quebec,14702148.00,2
2024-02,British Columbia,8952506.00,3
2024-02,Alberta,8418580.00,4
2024-03,Ontario,25477144.00,1
2024-03,Quebec,14786536.00,2
2024-03,British Columbia,8948558.00,3
2024-03,Alberta,8409819.00,4
2024-04,Ontario,25237074.00,1
2024-04,Quebec,14946847.00,2
2024-04,British Columbia,8976138.00,3
2024-04,Alberta,8843180.00,4
2024-05,Ontario,25273959.00,1
2024-05,Quebec,14980570.00,2
2024-05,British Columbia,8914176.00,3
2024-05,Alberta,8532721.00,4
2024-06,Ontario,25206447.00,1
2024-06,Quebec,14857326.00,2
2024-06,British Columbia,8776221.00,3
2024-06,Alberta,8465277.00,4
2024-07,Ontario,25595906.00,1
2024-07,Quebec,15079223.00,2
2024-07,British Columbia,8994978.00,3
2024-07,Alberta,8778598.00,4
2024-08,Ontario,25689183.00,1
2024-08,Quebec,15047423.00,2
2024-08,British Columbia,9000468.00,3
2024-08,Alberta,8511455.00,4
2024-09,Ontario,25822657.00,1
2024-09,Quebec,15157063.00,2
2024-09,British Columbia,9145763.00,3
2024-09,Alberta,8854602.00,4
2024-10,Ontario,26155247.00,1
2024-10,Quebec,15368225.00,2
2024-10,British Columbia,9265410.00,3
2024-10,Alberta,8852601.00,4
2024-11,Ontario,26423938.00,1
2024-11,Quebec,15329704.00,2
2024-11,British Columbia,9239591.00,3
2024-11,Alberta,8765710.00,4
2024-12,Ontario,27149927.00,1
2024-12,Quebec,15817522.00,2
2024-12,British Columbia,9396235.00,3
2024-12,Alberta,8932531.00,4
2025-01,Ontario,26683884.00,1
2025-01,Quebec,15471204.00,2
2025-01,British Columbia,9837480.00,3
2025-01,Alberta,8911794.00,4
2025-02,Ontario,26379755.00,1
2025-02,Quebec,15230056.00,2
2025-02,British Columbia,9448525.00,3
2025-02,Alberta,8746495.00,4
2025-03,Ontario,26683008.00,1
2025-03,Quebec,15502754.00,2
2025-03,British Columbia,9458693.00,3
2025-03,Alberta,8936018.00,4
2025-04,Ontario,26754966.00,1
2025-04,Quebec,15596844.00,2
2025-04,British Columbia,9652492.00,3
2025-04,Alberta,8772096.00,4
2025-05,Ontario,26207816.00,1
2025-05,Quebec,15413556.00,2
2025-05,British Columbia,9590037.00,3
2025-05,Alberta,8853989.00,4
2025-06,Ontario,26818327.00,1
2025-06,Quebec,15503850.00,2
2025-06,British Columbia,9829150.00,3
2025-06,Alberta,8924813.00,4
2025-07,Ontario,26617674.00,1
2025-07,Quebec,15552827.00,2
2025-07,British Columbia,9649357.00,3
2025-07,Alberta,8873067.00,4
2025-08,Ontario,26827533.00,1
2025-08,Quebec,15868463.00,2
2025-08,British Columbia,9613278.00,3
2025-08,Alberta,8963486.00,4
2025-09,Ontario,26484398.00,1
2025-09,Quebec,15769257.00,2
2025-09,British Columbia,9535143.00,3
2025-09,Alberta,8788286.00,4
2025-10,Ontario,26570735.00,1
2025-10,Quebec,15601219.00,2
2025-10,British Columbia,9493269.00,3
2025-10,Alberta,8872432.00,4
2025-11,Ontario,26736104.00,1
2025-11,Quebec,15648579.00,2
2025-11,British Columbia,9665996.00,3
2025-11,Alberta,9247734.00,4
2025-12,Ontario,26739658.00,1
2025-12,Quebec,15748859.00,2
2025-12,British Columbia,9619953.00,3
2025-12,Alberta,8999012.00,4
